Codigo;Descricao;Unidade
110569;TD,1F,7,967/0,24-0,12KV,25KVA,GST001;PEÇ
111306;TD,3P,13.8-0.22/0.127kV,30KVA,GST01/905;PEÇ
111308;TD,3P,13.8-0.22/0.127kV,75KVA,GST01/907;PEÇ
111312;TD,2P,13.8-0.24/0.12kV,15KVA,GST01/904;PEÇ
111319;TD,3P,13.8-0.22/0.127kV,150KVA,GST01/908;PEÇ
111321;TD,3P,13.8-0.22/0.127kV,300KVA,GST01/909;PEÇ
111323;TD,1P,7.97-0.24/0.12kV,15KVA,GST01/903;PEÇ
111372;TRAFOTRIFÁSICO112,5KVA-ARECUPERAR;PEÇ
130866;PORTAFUSIVEL,15KV,TIPOC,100A,ET-277;;;;PEÇ
141233;RELIG,RD,3F,15kV,630A,12.5kA,MAT-20-0899;PEÇ
141264;SECCION,3F,SOBCARGA,24KV,630A,GSCM03/2;CDA
141283;SEC,PREF,CERCAFARP/LIS,2.60-3MM,D730.04;PEÇ
141296;SEC,UNIPOLAR,17,5KV,400A,350MM,D198.03;PEÇ
141297;SEC,UNIPOLAR,17,5KV,630A,350MM,D198.03;PEÇ
141467;SEC,UNIPOLAR,34.5KV,630A,1750MM,D198.03;PEÇ
141542;SECCIONADOR,S/LT,S/CARGA,3P,34.5;PEÇ
141980;RELIGADOR,1F,27KV,100A,OP.3F,NTE044/01;PEÇ
150763;SEC,UNIPOLAR,17,5KV,400A,438MM,D198.03;PEÇ
164521;LUVA,EMEND,ISOL,AL,BT,70MM2,PM-R720.24.0;PEÇ
164943;CRUZETA,POLIM,2400MM,RETANG,D315.01;PEÇ
165015;UPTELECONTROLPARAINSTALACIONEXTERIOR;CDA
170041;ELO,FUS,5A,H,GSCM012/64;PEÇ
170042;ELO,FUS,3A,H,GSCM012/63;PEÇ
170043;ELO,FUS,2A,H,GSCM012/62;PEÇ
170044;ELO,FUS,1A,H,GSCM012/61;PEÇ
170061;ELO,FUS,50A,K,GSCM012/32;PEÇ
170064;ELO,FUS,25A,K,GSCM012/29;CDA
170066;ELO,FUS,16A,K,GSCM012/27;CDA
170067;ELO,FUS,12,5A,K,GSCM012/26;PEÇ
170068;ELO,FUS,10A,K,GSCM012/25;CDA
170069;ELO,FUS,8A,K,GSCM012/24;PEÇ
170072;CH,FUS,36KV,E,LINEAR,8kA,GSCM012/6;PEÇ
170074;CH,FUS,24KV,E,LINEAR,8kA,GSCM012/2;PEÇ
170075;CH,FUS,24KV,D,LINEAR,8kA,GSCM012/1;PEÇ
171089;ELO,FUS,DISTRIB,15/36KV,1A,H;D138.01;UN
171091;ELO,FUS;BOT;15KV;3A;H;D13801.4;FP;UN
171093;ELO,FUS,DISTRIB,15/36KV,6A,K,D138.01;UN
171094;ELO,FUS,DISTRIB,15/36KV,8A,K,D138.01;UN
171096;ELO,FUS,DISTRIB,15/36KV,12A,K,D138.01;PEÇ
171110;ELOFUSÍVELTIPO1H,PM-0094I2R6;FP;PEÇ
171111;ELO,FUS,DISTRIB,15/36KV,2A,H;D138.01;PEÇ
171112;ELO,FUS,DISTRIB,15/36KV,3A,H,D138.01;PEÇ
171118;ELO,FUS,DISTRIB,15/36KV,15A,K,D138.01;PEÇ
171119;ELO,FUS,DISTRIB,15/36KV,25A,K,D138.01;PEÇ
171120;ELO,FUS,DISTRIB,15/36KV,40A,K,D138.01;PEÇ
171121;ELO,FUS,DISTRIB,15/36KV,50A,K,D138.01;PEÇ
171122;CHAVE,FUS,AZ,15KV,100A,C,POLIM,ET-277;PEÇ
171140;PORTAFUSIVELGRAMPOLINHAVIVA,D2256,FP;PEÇ
171218;CHAVE,FUS,AZ,27KV,100A,C,POLIM,ET-277;PEÇ
171297;PARA-RAIOS,ESTACAOPORC,CARBSILI;PEÇ
200207;GRAMPO,LINHAVIVA,TIPO1,D710.70;PEÇ
200250;SUPORTEL,ACOCARBONO,PM-BR410.35;PEÇ
201366;LUVA.EMENDA.COMPRES.4AWGCAA.D72016;PEÇ
201369;SUPORTE,ROLDANA,AZ,56X56MM,TUBO1.1/2;PEÇ
201383;CONEC,TERM,COMPR,AL,95MM2,2F,D71038;PEÇ
201385;ARRUELALIGADEALUMÍNIODED-1256;PEÇ
201387;HASTE,ANCORA,AZ,16X2400,PM-R44501;FP;PEÇ
201388;CONECTOR,TERM,COMPR,CU,70MM2,2F,D71048;PEÇ
201389;CONEC,TERM,COMPR,AL,50MM2,2F,D71038;PEÇ
201390;CONECTOR,TERM,COMPR,CU,50MM2,2F,D71048;PEÇ
201406;CONEC,TERM,COMPR,AL,25MM2,1F,D71038;PEÇ
201407;CONEC,TERM,COMPR,AL,150MM2,2F,D71038;PEÇ
201437;CONECTORTERM,CONDAL95MM,PM2251I3R0;PEÇ
201439;CONECTORCUNHAATERR,4-7,8MM,PM71040;PEÇ
201440;PINOTOPO,ISOLPILAR,AÇOGALV,PM-2162I2;PEÇ
201626;CONEC,CUN,AL,I10,D=27.02-31.22MM,D71054;PEÇ
230060;POSTE,CONC,CIRC,12/1000,GSS002/06;CDA
230061;POSTE,CONC,CIRC,12/600,GSS002/05;CDA
230062;POSTE,CONC,CIRC,12/300,GSS002/04;CDA
230064;POSTE,CONC,CIRC,10/600,GSS002/02;CDA
230065;POSTE,CONC,CIRC,10/300,GSS002/01;CDA
230210;POSTEFIBRA,12MX600,GSS004/19;PEÇ
230361;POSTEHA15MDMAD-0183/RECICLADO;PEÇ
230367;CRUZETA,POLIM,2000MM,RETAN,D315.01;CDA
231308;CRUZETA,MADEIRA5M,DED-1790R.2-UN;PEÇ
231332;CRUZETA,POLIM,2000MM,QUAD,D315.01;PEÇ
231385;CRUZETA,POLIM,5000MM,RETANG,D315.01;PEÇ
231389;CRUZETA,MADEIRA,NAOPRESERVADA24(DAN);PEÇ
231570;POSTE,FIBRA,BIP,9M,600DAN,D307.01;UN
240009;CRUZETA,ACO,2000MM,PMBR49009;PEÇ
240099;ARMAÇÃO;SEC;AZ;2ESTR;C/HASTE;D520.01.0;UN
240100;ARMACAO,SEC,AL,2ESTR,C/HASTE,D90511.1;UN
240116;ARMAÇÃO,SEC;AZ;1ESTR;C/HASTE;D520.01.0;PEÇ
240117;ARMAÇÃO;SEC;2ESTR;C/HASTE;DED-0035R4;FP;PEÇ
240118;MAOFRANCESAPERFILLGAL,993MM,PM1259I1;PEÇ
240119;MÃOFRANCESAPLANALIGAAL.DED-1260R.2;PEÇ
240120;MÃO,FRANCESA,AZ,PERFILADA,1534MM,D43001;PEÇ
240121;MÃO,FRANCESA,AZ,PERFILADA,993MM,D43001;PEÇ
240133;CINTA,DT,AL,180MM,D90420.0;PEÇ
250063;CINTALIGADEELODETECIDOSINTÉTICO-;PEÇ
250066;CRUZETA,AUXILIAR,64MMX2,83M;PEÇ
250075;SELAP/POSTECOMEXTENSORECOLAR64MM;PEÇ
250080;PARAFUSODESELA;RM4740;FERRONODULAR,;CDA
250081;CINTAPARAMÃOFRANCESA;PEÇ
251514;GRAPADESUSPENSIONPARACABLEDEGUARDA;PEÇ
251697;ALCA-OLHAL,PREF,LIGAAL,CAL,160MM2,D730.1;PEÇ
251714;SUPORTE,SUSP,CIRC,140-210MM,GSCC010;UN
251764;ALCA,DIST,ACO,PREF,4AWG,CAA,D730.14;UN
251767;ALCA,DIST,ACO,PREF,1/0AWG,CAA,D730.14;UN
251774;ALCA,PREF,DIST,CU-NU,70MM2,D73001,FPM;PEÇ
251777;ALCA,DISTRIB,CU-NU,35MM2,D73001,FPM;PEÇ
251786;LACO,PREF,AÇO,PRE-REUN,54.6MM2,D73006;UN
251791;SEC,PREF,CERCAFARP,3.26-4.11MM,D730.04;PEÇ
251797;OLHAL,AZ,5000DAN,M16,PM-BR/D41005.1;UN
251800;ARMACAO,SEC;AL;1ESTR;C/HASTE;D90510.1;PEÇ
251814;GANCHO-OLHAL,AZ,SUSP,5000DAN,D51004.0;UN
251817;MANILHA,SAPATILHA,AZ,5000DAN,D51003.0;UN
251825;FITADEALUMINO;1X10MM;D76002.1;PEÇ
251832;CINTA,P/POSTECIRC,150MM,D435.07;PEÇ
251833;CINTA,P/POSTECIRC,170MM,D435.07;PEÇ
251834;CINTA,P/POSTECIRC,190MM,D435.07;PEÇ
251835;CINTA,P/POSTECIRC,210MM,D435.07;PEÇ
251837;CINTA,P/POSTECIRC,330MM,D435.07;PEÇ
251838;SELAP/CRUZETA,AZ,116MM,58MM,D470.08;PEÇ
251839;SUPOR,TRAFO,POSTECIRC,225MM,TP1,D421.01;PEÇ
251840;SUP,TRAFO,DT,A=160MM,B=95MM,D421.02;PEÇ
251841;SUPORTE,L,AZ,CH.FUS/PR,198MM,D410.35;PEÇ
251842;SUP,TRAFO,DT,A=170MM,B=105MM,D421.02;PEÇ
251843;SUP,TRAFO,DT,A=180MM,B=115MM,D421.02;PEÇ
251846;CINTA,POSTEDT,AZ,215x65MM,D435.06;PEÇ
251850;CINTAPOSTECIRC.AL290MMPM-1257I15R3;PEÇ
251851;SELA,CRUZETALIGAALUMÍNIO,DED-1265R2;PEÇ
251852;SUPORTECH.C.CIRC/P.RAIOSALDED-1859;PEÇ
251853;CINTAAJUST.POSTE,BAP2,800MM-D1742I1,FP;PEÇ
251854;CINTAAJUST.POSTE,BAP3,1200MM-D1742I2,FP;PEÇ
251855;SUPORTE,Z,AZ,113MM,P/CHFUS/PR,D436.01;PEÇ
251856;ALÇA,PREF,AÇO,PRE-REUN,25MM²,D73006,FPM;PEÇ
251859;ALCA,PREF,ACO,PRE-REUN,35MM2,D73006,FPM;PEÇ
251861;ALCA,PREF,ACO,CAL70MM2,D73006,FPM;PEÇ
251865;LAÇO,PREF,AÇO,PRE-REUN,70MM2,D73006,FPM;PEÇ
251869;GRAMPOANCOR.POLIM,CBAL,PM1773I2;PEÇ
251873;ARMAÇÃOSEC.SIMPLESLIGAAL.DED-1255R.2;PEÇ
251874;ARMAÇÃOSEC.DUPLALIGAAL.DED-1254R.2;PEÇ
251877;GANCHO-OLHAL,AZ,SUSP,5000DAN,D0039R-3;FP;PEÇ
251878;GRAMPO,LINHAVIVA,EMESTRIBO,230A,D71070;PEÇ
251880;PINO,ISOLADORLIGAAL,DED126-FP;PEÇ
251883;ALCA,PREF,CU,PRE-REUN,95MM2,D73006,FPM;PEÇ
251885;BRAÇO,SUP,15KV,AZ,TIPOC,SPACER,D45501;PEÇ
251888;ALCA,OLHAL,PREF,ACO,COB,50MM2,D73014,FPM;PEÇ
251889;MAO,FRANC,PLANA,AZ,619MM,566MM,D430.02;PEÇ
251891;ALCA-OLHAL,PREF,AÇO,COB,185MM2,D730.14.0;PEÇ
251893;SAPATILHA,AZ,ALCAPREFORMADA,D510.02;PEÇ
251895;ALÇA,PRE-FORMADARAMALSERVICOCAA35MM;PEÇ
251897;LACOPREF.CU;CBPR-RE.70MM²-D730.06-FPM;PEÇ
251898;MANILHA,TORCIDA,AZ,SPACER,D530.10;PEÇ
251902;SUPORTE,HORIZ,755X300MM,PM-BR455.05;PEÇ
251903;SUPORTE,AFAST,HORIZ,1250MMX450MM,D425.09;PEÇ
251913;ALCA,PREF,CORD,ACO,7.9MM,MR,D730.04;PEÇ
251914;ALCA,PREF,CORD,ACO,9.5,MM,MR,D730.04;PEÇ
251915;ALCA,PREF,DIST,CU-NU,25MM2,7F,DQN1956,FP;PEÇ
251918;ALCA,PREF,CU,PRE-REUN,25MM2,D73006,FPM;PEÇ
251921;ALCA,PREF,DIST,CU-NU,16MM2,7F,DQN1956,FP;PEÇ
251927;CINTA,AÇOINOX,19MM,C/FECHO,P/ABRAÇ,D655;PEÇ
251935;LAÇO,PREF,MENS,CORD,ACO,9.5MM,D730.04;PEÇ
251942;SUPORTEPARAFUSO,ABRAÇADNYLON,PM1994I1;PEÇ
251943;ALÇAPREF.CU,CBCONC.BIPOL.10MM²-DED1959;PEÇ
251953;MÃO,FRANCESA,AZ,PERFILADA,1971MM,D43001;PEÇ
251954;MÃO,FRANCESA,AZ,PERFILADA,2548MM,D43001;PEÇ
251956;MAOFRANC.PERFILLGAL,1971MM,PM-1259I2;PEÇ
251961;GRAMPO,LIVAVIVA,DERIV,D71070,FP;PEÇ
251965;ESPAÇADOR,BT-MT,2-336,TIPO1,PM-BR530.03;PEÇ
251968;SUPORTE,SECUNIPOLAR,TIPO1,PM-BR480.02;PEÇ
251969;SUPORTE,SECUNIPOLAR,TIPO2,PM-BR480.02;PEÇ
251971;ALCA,OLHAL,PREF,ACO,2AWG,D73014,FPM;PEÇ
251972;ALCA,OLHAL,PREF,ACO,CA,1/0AWG,D73014,FPM;PEÇ
251973;ALCA,OLHAL,PREF,AÇO,CA,336.4MCM,D73014,F;PEÇ
251975;ESPAÇADOR,LOSAN,RDSPACER,15KV,D53001;PEÇ
251976;ALCA,OLHAL,PREF,ACO,COB,35MM2,D73014,FPM;PEÇ
251983;ALÇC-OLHAL,PREF,LIGAAL,CAL,50MM2,D73014;PEÇ
251984;ALCA-OLHAL,PREF,LIGAAL,CAL,70MM2,D730.1;PEÇ
251986;ESPAÇADOR,BT,2-336,PM-R2182,FP;PEÇ
251990;CINTAPOSTECIRC.AL200MMPM-1257I6R3;PEÇ
251991;CINTAPOSTECIRC.AL220MMPM-1257I8R3;PEÇ
251994;ALCA-OLHAL,PREF,LIGAAL,CAL,25MM2,D730.1;PEÇ
252001;SUPORTE,PEÇA2,FIXCHAVE,REG300A,D45050;PEÇ
252003;CRUZETA,ACO,PERFILLZINCQUENTE5200X10;PEÇ
252009;ALCAPREF,LIGAAL,PRE-REU,54.6MM2,D73006;PEÇ
252020;ALÇA,PREF,AL,BI,CONCENT,10MM2,D730.05.0;PEÇ
252021;ALÇA,PREF,AL,BI,CONCENT,16MM2,D730.05.0;PEÇ
252023;ALÇA,PREF,AZ,BI,CONCENT,16MM2,D730.05.0;PEÇ
252024;ALCA,PREF,DIST,LIGAAL,25MM2,CAL,D730.14;PEÇ
252028;ESPAÇADOR,BT-MT,2-336,TIPO2,PM-BR530.03;PEÇ
252029;ALCAPREFAÇO,PRE-REU25MM,PM2276,FP;PEÇ
252048;LAÇOPREF,LIGAAL,PRE-REUN,25MM2,D73006;PEÇ
252049;LAÇOPREF,LIGAAL,PRE-REU54.6MM2,D73006;PEÇ
252050;LAÇO,LIGAAL,PRE-REU,70MM2,D73006,FPM;PEÇ
252112;ALÇA,AÇO,PRE-REUN,COB,50MM2,D73006,FPM;PEÇ
252113;ALÇA,AÇO,PRE-REUN,COB,95MM2,D73006,FPM;PEÇ
252136;ALCA-OLHAL,PREF,AÇO,CAA,4AWG,D730.14.0;PEÇ
252137;ALCA-OLHAL,PREF,AÇO,CAA,1/0AWG,D730.14.0;PEÇ
252209;LACO,PREFORMADO,LATERALSIMPLES,(SUC);PEÇ
252262;GRAMPO,LINHAVIVA,DERIV,NTC61,FP;UN
252320;CINTA,POSTECIRC,160MM,NTC-02DES.13,FP;PEÇ
252347;ALCA,PREF,AÇO,2AWG,CA/CAA,D730.14,FPM;UN
252364;SUPOR,TRAFO,POSTECIRC,285MM,TP1,D421.01;UN
252854;PINODETOPO,DDT-0317R.3;;;;;;PEÇ
274682;CONECTORCOMPRHAL/CU70MM2/10MM2;PEÇ
274711;CONEC.CUN,ESTRIBO,A336.4,SP185,D71071;PEÇ
274730;CONECTOR,EMENDA,FIBRAOPTICA,D710.28;PEÇ
274810;EMENDA,LIGAAL,MTISOL,35-150MM2,D72004.;UN
274903;CONECTOR,CUN,BIM,MOD.I,D71039;PEÇ
274904;CONECTOR,CUN,BIM,MOD.II,D71039;UN
274911;CONECTOR,CUN,AL,954TR/DR,D71054,FP;PEÇ
274920;CONECTOR,CUN,BIM,MOD.VI,D71039;PEÇ
274921;CONECTOR,CUN,BIM,MOD.VII,D71039;UN
274968;CONEC,PERF,AL-CU,16-150T,1,5-6D,71053,FP;PEÇ
274973;LUVA,EME,COMP,AL,2AWG,PM-Br720.15;PEÇ
274974;LUVA,EME,COMP,AL,1/0AWG,PM-Br720.15;PEÇ
274975;LUVA,EME,COMP,AL,4/0AWG,PM-Br720.15;PEÇ
274978;LUVAREPAROCOND.CA336,4MCMDED-0112I3;PEÇ
274980;LUVA,EME,COMP,AL,336,4AWG,PM-Br720.15;PEÇ
274987;CONEC,CUN,AL,I9,D=23.77-27.71MM,D71054;PEÇ
274988;CONEC,CUN,AL,I11,D=30.18-34.71MM,D71054;PEÇ
274994;CONEC,TERM,COMPR,AL,35MM2,2F,D71038;PEÇ
274995;CONEC,TERM,COMPR,AL,185MM2,2F,D71038;PEÇ
274996;CONECTOR,CUN,BIM,MOD.A,D71039;PEÇ
274997;CONECTOR,CUN,BIM,MOD.B,D71039;PEÇ
274998;CONECTOR,CUN,BIM,MOD.C,D71039;PEÇ
274999;CONECTOR,CUN,BIM,MOD.D,D71039;PEÇ
275003;CONECCUNHDER,VII-BRN,VERM,D1786I10,FP;PEÇ
275009;ABRAÇ,PLÁST,1.8X7.6X390MM,PM-BR761.01;PEÇ
275010;ABRAÇ,PLÁST,2X8.9X770MM,PM-BR761.01;PEÇ
275011;ABRAÇ,PLÁST,2X8.9X1095MM,PM-BR761.01;PEÇ
275020;ESTRIBO,BRACO,L,AZ,SPACER,D456.02;PEÇ
275025;CONECTOR,TERM,PINO,1X120-600,M42,D780.11;PEÇ
275026;ABRAÇ,PLÁST,1.3X4.6X200MM,PM-BR761.01;PEÇ
275028;CONECTOR,CUN,BIM,MOD.L,D71039;PEÇ
275029;EMENDARETA,12/20kV,95-240mm²-GSCC004;PEÇ
275059;LUVA.EMENDA.COMPRES.1/0AWGCAA,FP;PEÇ
275066;CONEC,PERF,AL-CU,25-120TR/DR,D71053,FP;PEÇ
275068;LUVA,EMEND,ISOL,AL,BT,35MM2,PM-R720.24.0;PEÇ
275069;LUVA,EMEND,ISOL,AL,BT,50MM2,PM-R720.24.0;PEÇ
275070;LUVA,EMEND,ISOL,LA,BT,50MM2,PM-R720.24.0;PEÇ
275072;LUVA,EMEND,ISOL,AL,BT,95MM2,PM-R720.24.0;PEÇ
275073;LUVA,EMEN,ISOL,AL,BT,150MM2,PM-R720.24.0;PEÇ
275074;ABRAÇ,PLÁST,1X2.5X100MM,PM-BR761.01;PEÇ
275075;ABRAÇ,PLÁST,1.1X3.6X150MM,PM-BR761.01;PEÇ
275076;CONEC.CUN,ESTRIBO,C16-35,A4,SP35,D71071;UN
275077;CONEC,CUN,AL,I8,D=21.77-25.68MM,D71054;PEÇ
275078;CONECTOR,CUN,BIM,MOD.UNIF,D71039;PEÇ
275079;CONECTERMCOMPMED,CB16MM²,PM2092I5R8;PEÇ
275082;CONEC,CUN,AL,I2,D=14.81-18,39MM,D71054;PEÇ
275083;CONEC,CUN,AL,I1,D=13.08-16.66MM,D71054;PEÇ
275084;CONEC,CUN,AL,I3,D=15.77-20.22MM,D71054;PEÇ
275089;CONECTDERIVCOMPRCONDCUPM-2202I1,FP;PEÇ
275101;CARTUCHO,METALICO,AZUL,PM-BR710.67;PEÇ
275102;CARTUCHO,METALICO,VERMELHA,PM-BR710.67;PEÇ
275104;CONEC,TERM,COMPR,AL,35MM2,1F,D71038;PEÇ
275105;CONEC,TERM,COMPR,AL,70MM2,2F,D71038;PEÇ
275139;CONEC,TERM,COMPR,AL,160MM2,2F,D71038;PEÇ
275158;CONECTORTERM,CONDAL50MM,PM2251I2R0;PEÇ
275169;CONECTORCUNHA70,00MM2/6,50MM;UN
275175;LUVA,EME,COMP,AL,556,5AWG,PM-Br720.15;PEÇ
275202;CONEC,CUN,AL,I12,D=32.50-37.00MM,D71054;PEÇ
275274;CONECTOR,TERM,PINO,1X35-185,M16,D71060;UN
275282;CONEC,TERM,TORQ,BIM,35-185MM2,1F,D71063;UN
275356;CONEC.CUN,ESTRIBO,A4/0,SP150,D71071;UN
275364;CONEC,CUN,AL,I6,D=28.70-24,28MM,D71054;PEÇ
275676;CONECTOR,PERFURACAOPOLIMERIC,RD;PEÇ
275694;CONEC,PERF,AL-CU,16-95TR,4-35DR,GSCC020;PEÇ
275722;LUVA.EMENDA.COMPRES.2AWGCAA.D72016;PEÇ
276661;CONEC,PERF,AL-CU,35-150TR/DR,GSCC020;;PEÇ
276662;CONECPERF,AL-CU,50-150TR,6-54,6DR,GSCC20;PEÇ
276672;CONEC,PERF,AL-CU,16-150TR,1,5-6DR,GSCC20;PEÇ
300032;ISOLADOR,POST,PIN.CURT,17,5kV,GSCC010/16;CDA
300583;ISOLADOR,VIDRO,ZN,D=254,PS146,D50031,FP;PEÇ
300644;ISOLADORPOLIPILAR,FUGPRO,24kV,GSCC010;UN
300647;ISOLADOR,ROLDANA,PORC,79X76,D500.54.0;UN
300653;ISOLADOR,PINOPORCELANA,PM006;PEÇ
300662;ISOLADORPOLIMPILARHIBR,24kV,GSCC010;UN
300670;ISOLADOR,PINO,POLIM,35KV,35MM;D500.22.0;PEÇ
300685;ISOLADOR,PINO,HI-TOPPORCELANA15(SUC);PEÇ
300699;ISOLPINPOLIM15KVLINHAFUGAPROTEGIDA;PEÇ
300714;ISOLADORPOLIPILAR,FUGPRO,36kV,GSCC010;PEÇ
300853;ISOLADORPOLIMANCORAGEM,24kV,GSCC010;PEÇ
310434;CONDLIGAALNUENGRAXAAAC50MM-GSC-003;KG
310522;CABO,ELÉTRICOCONTROLECU19FIOS2X4MM;PEÇ
310536;CABO,NU,CAA,CL.B,4/0AWG,PENGUIN,GSC003;PEÇ
310552;CABO,ACO-CU,ATERR,35MM²,D805.02;KG
310567;CABOCOBRENU35MM2MDURACL2A;KG
310571;CABO,ACO-CU,ATERR,16MM²,D805.02;KG
310600;CABOALCA336,4MCMPM-0057I3R8,FP;KG
310604;CABO,NU,CAA,CL.A,4AWG,SWAN,GSC003;KG
310605;CABO,NU,CAA,CL.A,1/0AWG,RAVEN,GSC003;KG
310633;CONDLIGAALNUENGRAXAAAC70MM-GSC-003;KG
310636;CONDLIGAALNUENGRAXAAAC25MM-GSC-003;PEÇ
310772;CABO,AL,NU,T-CAA,Z,426,3MCM,PMA211.04.3;PEÇ
310775;CORDOALHA,ACO,ZINC,A,6,4MM,7F,MR,D212.03;PEÇ
310778;CORDOALHA,ACO,ZINC,A,9,5MM,7F,MR,D212.03;KG
310869;SEC,UNIPOLAR,34.5KV,630A,720MM,D198.03;PEÇ
330325;CABO,CONCENTR,0.6/1.0,1x10+10A,D230.10;M
330767;FIO,ALP/AMARRACAO4AWG-D76001;KG
330768;FIOALP/AMARRACAO6AWG-D76001;KG
330770;FIOALCOBERTO;AMARRACAO4AWG;D76003;M
330787;CBPRE-REUCU3X35+35,XLPE,1kV,D208.15;M
330868;CABO,COBERTO,50MM,15KV,XLPE+HDPE,GSCC021;M
330869;CABO,COBERTO,185MM,15KVXLPE+HDPE,GSCC021;M
330871;CABO,COBERTO,50MM,25KV,XLPE+HDPE,GSCC021;PEÇ
330899;CABOPRE-REUNAL,3X50+50MM²-SUCATA;M
330984;CABOBTPRE-REUNAL3X95+54.6,GSCC009/12;M
330990;CABOBTPRE-REUNAL3X150+80,GSCC009/013;M
330992;CABO,AL,PR-REU,8.7/15KV,3x150+50,GSCC008;PEÇ
330993;CABOBTPRE-REUNAL3X35+54.6,GSCC009/09;M
330994;CABOBTPRE-REUNAL3X50+54.6,GSCC009/10;M
400044;CINTAPOSTECIRC.AL230MMPM-1257I9R3;PEÇ
400046;CINTAPOSTECIRC.AL270MM-FP;PEÇ
500107;REG,TEN,1F,7,96KV,210A,167KVA,FP;PEÇ
510837;RGDATA70FAULTDETECTORMV-OTYPE-1;PEÇ
531277;TRANSFORMADORNUCLEOPARTI800/5ACI0,5S;PEÇ
531388;SUPOR,TRAFO,POSTECIRC,210MM,TP1,D421.01;PEÇ
531389;SUPOR,TRAFO,POSTECIRC,255MM,TP1,D421.01;PEÇ
531577;TP,11,4/13,5KV-230VEXT.D115.01.0;PEÇ
600541;CINTA,AMARRACAOCARGA,C/CATRAC50MMX54T;PEÇ
602122;UNIDADETERMINALUP2020LITEL8EXTB;PEÇ
640612;ELETRODUTOPVC,SOLD,20MM,DDT1740I1R7;PEÇ
760383;Suporteparaiçamentodetransformador,;PEÇ
760478;ROLDANAPARALANÇAMENTODECABOMULTPLEX;PEÇ
760499;Suportetemporárioparacondutor15kV;PEÇ
780574;PARAF.C.REDONDA3/16X1/2PC/ARRUELA;PEÇ
780580;PARAF.FENDA,CAB.PLANA5,0X50MMP/BUCHAS8;PEÇ
780607;PARAFUSO,CBSEXT,INOX,12X125,COMP,D41019;UN
780653;PARAFUSO,CABQUAD,AZ,16X200,D41010;UN
780654;PARAFUSO,CABQUAD,AZ,16X250,D41010;UN
780655;PARAFUSO,CABQUAD,AZ,16X300,D41010;UN
780659;PARAFUSO,CABQUAD,AZ,16X50,D41010;PEÇ
780710;ARRUELA,QUADRADA,AZ,50X3X18MM,D41003;UN
780720;ARRUELA,REDONDA,AZ,32.43X3X18MM,D41001;PEÇ
780742;CINTA,P/POSTECIRC,230MM,D435.07;PEÇ
780743;CINTA,P/POSTECIRC,250MM,D435.07;PEÇ
780744;CINTA,P/POSTECIRC,270MM,D435.07;PEÇ
780745;CINTA,P/POSTECIRC,290MM,D435.07;PEÇ
780749;PINOCURTO,ISOL,AZ,190X36X36MM,D51202;PEÇ
780750;PARAF,CABABAUL,LIGAAL,M16X45,D90415;PEÇ
780751;PARAF,CABABAUL,LIGAAL,M16X70,D90415;PEÇ
780752;PARAF,CABABAUL,LIGAAL,M16X150,D90415;PEÇ
780753;PARAFUSO,CABABAUL,AZ,16X45,D41015;PEÇ
780754;PARAFUSO,CABABAUL,AZ,16X70,D41015;PEÇ
780755;PARAFUSO,CABABAUL,AZ,16X150,D41015;PEÇ
780758;PARAFUSO,CABQUAD,AZ,16X125,D41010;PEÇ
780759;PARAFUSO,CABQUAD,AZ,16X150,D41010;PEÇ
780760;PARAFUSO,CABQUAD,AL,M16X125,PM-BR904.10;PEÇ
780764;PARAF.CAB.QUA350X270X16MMDED0045I7R4FP;PEÇ
780767;PARAFUSO,CABQUAD,AL,M16X150,PM-BR904.10;PEÇ
780768;PINO,ISOL,AZ,CRUZETA,294X140X60MM,D51202;PEÇ
780769;PARAFUSO,CABQUAD,AL,M16X200,D1261,FP;PEÇ
780770;PARAFUSO,CABQUAD,AL,M16X250,D1261,FP;PEÇ
780771;PORCADEAÇOCARBONO,DED-0047R.4,FP;PEÇ
780773;PARAFUSO,CABQUAD,AL,M16X350,PM-BR904.10;PEÇ
780774;PARAFUSO,CABQUAD,AL,M16X400,D1261,FP;PEÇ
780775;PARAFUSO,CABEÇAQUAD.LIGAAL450X370X1;PEÇ
780779;PARAFUSO,ROSCADUP,AZ,16X400,R175,D41028;PEÇ
780780;PARAFUSO,ROSCADUP,AZ,16X450,R200,D41028;PEÇ
780781;PARAFUSO,ROSCADUP,AZ,16X500,R225,D41028;PEÇ
780782;PARAFUSO,ROSCADUP,AZ,16X550,R250,D41028;PEÇ
780783;PARAFUSO,ROSCADUP,AZ,16X600,R275,D41028;PEÇ
780785;PARAFROSCDUPAL450X200X16MMDQN-1991;PEÇ
780786;PARAFROSCDUPAL500X225X16MMDQN-1991;PEÇ
780787;PARAFROSCDUPAL550X250X16MMDQN-1991;PEÇ
780788;PARAFROSCDUPAL600X275X16MMDQN-1991;PEÇ
780820;PINO,AUTOTRAVANTE,ISOL,190X140,D51507,FP;PEÇ
780852;CINTA,POSTESECAOCIRCULAR,ACO,ZI(SUC);PEÇ
780883;PARAFUSO,DUPLO,ACOCZINCQUENTE(SUC);PEÇ
800250;FITAAMARRACAOACOINOXNAT12,7MMX20M;M
850036;LUVASEGATBOR10,5CL436KV,ET-HS-216;PEÇ
850040;LUVASEGATBORR,8,5CL220KV,ET-HS-216;PEÇ
850386;HASTE,ATERR,CANTONEIRA,AÇOGALV,80005,FP;PEÇ
850387;HASTE,ATERR,AÇO-COBR,3/4,3000MM,D80001;PEÇ
850444;TRAVA-QUEDA,P/CORDAS,TRABALT,HSE-19-128;UN
850453;LUVASEGATBORR,9,0CL217KV,HSE20-216;PEÇ
850454;LUVASEGATBORR,9,5CL217KV,HSE20-216;PAR
850455;LUVASEGATBOR,10CL217KV,HSE20-216;PAR
850488;LUVA,PROTECAOCOBERTURA,TAM.P;PAR
850490;LUVA,PROTECAOCOBERTURA,TAM.G;PAR
850497;LUVA,PROTECAOCOBERTURA,TAM.M;PAR
850502;LUVASEGATBOR,10,5CL217KV,HSE20-216;PAR
850509;LUVASEGATBOR,9,0CL436KV,HSE20-216;PEÇ
850510;LUVASEGATBOR,9,5CL436KV,HSE20-216;PAR
850541;LUVASEGATBOR,11CL217KV,HSE20-216;PAR
850611;HASTEATERRAMENTO,ACOCU,5/8POL,PM1945I2;UN
851092;CINTA,AMARRACAOCARGA,C/CATRAC50MMX94T;PEÇ
910001;GarrafaTérmica_Litros5_Transporte;PEÇ
910400;ENVELOPESEGPPCRISTARJA405X485MM;PEÇ
990243;PARA-RAIOS,DH,T,POL,12KV,E,GSCC016/03;PEÇ
990257;CONEC,PERF,AL-CU,50-150,2,5-35,GSCC020/9;PEÇ
990293;ISOL.ANC,24kV,CS70CT125/900-425,GSCC10/1;PEÇ
990345;CABO,CONCENTR,0.6/1.0,1x16+10C,GSCC014/3;M
990362;TP,EXT,13,8-11,4-0,11kV,250VA,GSCT4/31;PEÇ
110673;TRAFO DIST PEDESTAL, 150KVA - A RECUPERAR;PEÇ
111218;TRANSFORMADOR, POTENCIAL DIVER;PEÇ
111246;TRAFO,DIST,MONO/BI/TRIF,3KVA,SUCATA;PEÇ
111271;TRAFO TRIFÁSICO 45KVA-SUC;PEÇ
111272;TRAFO DIST BIFASICO,10KVA - SUC;PEÇ
111273;TRAFO DIST BIFASICO,15KVA - SUC;PEÇ
111274;TRAFO TRIFASICO,30KVA - SUC;PEÇ
111368;TRAFO TRIFÁSICO 15KVA - A RECUPERAR;PEÇ
111369;TRAFO TRIFÁSICO 30KVA - A RECUPERAR;PEÇ
111370;TRAFO TRIFÁSICO 45KVA-À RECUPERAR;PEÇ
111371;TRAFO TRIFÁSICO 75KVA-À RECUPERAR;PEÇ
111372;TRAFO TRIFÁSICO 112,5KVA - A RECUPERAR;PEÇ
111373;TRAFO DIST BIFÁSICO,10KVA - A RECUPERAR;PEÇ
111374;TRAFO DIST BIFÁSICO,15KVA - A RECUPERAR;PEÇ
111375;TRAFO DIST BIFÁSICO,25KVA-À RECUPERAR;PEÇ
111376;TRAFO TRI 45KVA AMB AGRES-À RECUPERAR;PEÇ
111377;TRAFO TRI 75KVA AMB AGRES - A RECUPERAR;PEÇ
111378;TRAFO TRI 150KVA MINERAL-À RECUPERAR;PEÇ
111379;TRAFO TRI 225KVA MINERAL - A RECUPERAR;PEÇ
111380;TRAFO TRI 300KVA MINERAL - A RECUPERAR;PEÇ
111381;TRAFO DIST MONO,10KVA - A RECUPERAR;PEÇ
111382;TRAFO DIST MONO,15KVA - A RECUPERAR;PEÇ
111383;TRAFO DIST MONO,25KVA - A RECUPERAR;PEÇ
111384;TRAFO TRI 112,5KVA AMB AGRES-A RECUPERAR;PEÇ
111385;TRAFO DIST MONO RURAL,5KVA - A RECUPERAR;PEÇ
111386;TRAFO DIST BIF RURAL,5KVA - A RECUPERAR;PEÇ
111387;TRAFO TRIF POTÊNCIA 500KVA - A RECUPERAR;PEÇ
111705;TRAFO DIST BIFASICO,10KVA - SUCATA;UN
111706;TRAFO DIST BIFASICO,15KVA - SUCATA;UN
111707;TRAFO TRIFASICO,30KVA - SUCATA;UN
111708;TRAFO DIST BIFÁSICO,25KVA - SUCATA;PEÇ
111709;TRAFO TRIFASICO 75KVA - SUCATA;PEÇ
111710;TRAFO TRIFÁSICO 15KVA - SUCATA;PEÇ
111711;TRAFO DIST BIF RURAL,5KVA - SUCATA;PEÇ
111727;TRAFO TRI 225KVA MINERAL - SUCATA;PEÇ
111728;TRAFO TRI 300KVA MINERAL - SUCATA;PEÇ
111736;TRAFO,3F, 15KVA,14145/380-220V,SUCATA;UN
111738;TRAFO,3F, 30KVA,14145/380-220V,SUCATA;UN
111740;TRAFO,3F, 45KVA,14145/380-220V,SUCATA;UN
111742;TRAFO,3F, 75KVA,14145/380-220V,SUCATA;UN
111744;TRAFO,3F, 112.5KVA,14145/380-220V,SUCATA;UN
111746;TRAFO,3F, 150KVA,14145/380-220V,SUCATA;UN
111748;TRAFO,3F, 225KVA,14145/380-220V,SUCATA;UN
111750;TRAFO,3F, 300KVA,14145/380-220V,SUCATA;UN
111751;TRAFO,3F, 500KVA,13.8KV/380-220V,SUCATA;UN
111755;TRAFO DIST MONO 25KVA-FORA PADRAO,SUCATA;PEÇ
111756;TRAFO DIST MONO, 5KVA,DED-1844,FP,SUCATA;PEÇ
111757;TRAFO DIST BIFÁSICO,25KVA-FORA PA,SUCATA;PEÇ
111758;TRAFO,1F,7,96KV-220/127V,10KVA,GS,SUCATA;PEÇ
111759;TRAFO,1F,13,8KV-220/127V,15KVA,GS,SUCATA;PEÇ
111762;TP,11,9KV,115V,104:1,CL0,5,A9,ESE,SUCATA;PEÇ
111772;TRAFO FORÇA 69KV 12,6KV 2MVA MONO,SUCATA;UN
111789;TRAFO TRIF 112,5KVA - RECUP - SUCATA;PEÇ
111940;TRAFO TRIFÁSICO 45KVA - SUCATA;UN
112201;TRAFO TRIFÁSICO 112,5KVA - SUCATA;;PEÇ
112202;TRAFO TRIF POTÊNCIA 750KVA,DED 18,SUCATA;PEÇ
112240;SUCATA TRAFO POTENCIAL 11,4KV USO INT;UN
112241;SUCATA TRAFO POTENCIAL 13,8KV USO INT;UN
112242;SUCATA TRAFO POTENCIAL 34,5KV USO INT;UN
112243;SUCATA TRAFO CORR 15KV 10/5 USO INT;UN
112244;SUCATA TRAFO CORR 15KV 100/5 USO INT;UN
112245;SUCATA TRAFO CORR 15KV 15/5 USO INT;UN
112246;SUCATA TRAFO CORR 15KV 2,5/5 USO INT;UN
112247;SUCATA TRAFO CORR 15KV 20/5 USO INT;UN
112248;SUCATA TRAFO CORR 15KV 200/5 USO INT;UN
112249;SUCATA TRAFO CORR 15KV 25/5 USO INT;UN
112250;SUCATA TRAFO CORR 15KV 250/5 USO INT;UN
112251;SUCATA TRAFO CORR 15KV 30/5 USO INT;UN
112252;SUCATA TRAFO CORR 15KV 34,5 USO INT;UN
112253;SUCATA TRAFO CORR 15KV 300/5 USO INT;UN
112254;SUCATA TRAFO CORR 15KV 40/5 USO INT;UN
112255;SUCATA TRAFO CORR 15KV 400/5 USO INT;UN
112256;SUCATA TRAFO CORR 15KV 5/5 USO INT;UN
112257;SUCATA TRAFO CORR 15KV 50/5 USO INT;UN
112258;SUCATA TRAFO CORR 15KV 500/5 USO INT;UN
141306;SECCIONALIZAD,14,4KV,200A,3F,ÓLEO - SUC;UN
141307;SECCION 3F B CARGA 24KV 400A 12KA SUCATA;CDA
141309;SECCION 3F B CARGA 24KV 630A 16KA À REC;CDA
141384;RELIGADOR,400A-13,2KV-8KA-3F-À RECUPERAR;UN
141385;RELIGADO,800A-14,4KV-16KA-3F-À RECUPERAR;UN
141386;RELIGADO,630A-27KV-12,5KA-3F-À RECUPERAR;UN
141409;CONTROLE,RELIGADOR,127/220V-À RECUPERAR;UN
141410;CONTROLE,REGULADOR,127/220V-À RECUPERAR;UN
141411;REGULADOR,8KV,100KVA,125A,1F-À RECUPERAR;UN
141426;CH,SECCIONADORA,15KV,400A,3F,ÓLEO-SUCATA;UN
141427;RELIGADOR,400A-13,2KV-8KA-3F-SUCATA;UN
141428;RELIGA,15,5KV,400A,3F,AUT,12,5KA-SUCATA;UN
141429;CH,SECCIONADORA,15KV,200A,1F,ÓLEO-SUCATA;UN
141432;RELIGADO,800A-14,4KV-16KA-3F-SUCATA;UN
141433;SECCION 3F B CARGA 24KV 630A 16KA SUCATA;CDA
141434;SEC 3F BAJO CARGA 24KV 400A 12KA ,SUCATA;CDA
141435;REL, 400A-15KV, ELETRÔNICO, AUTOM,SUCATA;PEÇ
141436;CH17,5KV-A13-630A-MONO-INVE-25KA,SUCATA;PEÇ
141437;RELIG.AUTOM.VÁCUO MICPR,15KV-630A,SUCATA;PEÇ
141438;REL TRIP ISOL VÁCUO/SF6-800A-16KA,SUCATA;PEÇ
141439;CH SECC BY-PASS, 400A-15KV DED191,SUCATA;PEÇ
141440;CH SEC TRIP 15KV-400A C/CAR DQN21,SUCATA;PEÇ
141441;CH SEC TRIP 15KV-400A S/CAR,DQN21,SUCATA;PEÇ
141442;SECCIONADORA UNIP,400A,15KV,PM219,SUCATA;PEÇ
141443;SECCIONADORA UNIP,630A,15KV,PM219,SUCATA;PEÇ
141444;CUBÍC,17,5KV,3150A,13UNID,ESE008,sucata;UN
141445;CUBÍC,17,5KV,3150A,12UNID,ESE008,sucata;UN
141446;BLINDADA 13,8KV,2500A,11CUBIC,sucata;UN
141447;Disj 17,5kV - 800 - 25kA - COM TC,sucata;UN
141448;Disjuntor 17,5kV - 1250 - 25kA,sucata;UN
141449;DISJUNTOR,15KV; C2;1250A; 16KA;SUCATA;UN
141469;CH,SECCIONADORA,15KV,400A,3F,ÓLEO-SUC;UN
141863;REL,400A-15KV-10KA-E-MT-0004.R2.1,SUCATA;PEÇ
141864;CH17,5KV-A6-630A-MAN-TP-VT/HZ-25K,SUCATA;PEÇ
141865;REL, 800A-15KV, AUTOMÁTICO, TRIPO,SUCATA;PEÇ
141866;CH SECC CARGA FUS400A,CX DIST RAM,SUCATA;PEÇ
141867;CH SECC CARGA FUS630A,CX DIST RAM,SUCATA;PEÇ
141880;SECCION 3F B CARGA 24KV 630A 16KA SUCATA;CDA
150777;CH,FACA UP MONT;FP-SUBT P/6783749,SUCATA;PEÇ
150778;CH FACA UP,630A,FP-SUBT P/6783750,SUCATA;PEÇ
150779;SECCION,TRIF,15KV-630A-AMB NOR,SUCATA;PEÇ
150793;DISJUNTOR 72,5kV 2000 31,5kA,SUCATA;UN
150794;DISJ 72,5KV 1250A PVO EXT 25KA,SUCATA;UN
150795;DISJ 145KV 2000A PVO EXT 31,5KA,SUCATA;UN
150796;DISJ 145KV 1250A PVO EXT 20KA,SUCATA;UN
150797;DISJ 138KV 1250A PVO EXT 20KA,SUCATA;UN
150967;Disjuntor 145kV - 2000 - 40kA,sucata;UN
150968;DISJUNTOR 72,5kV 1250A 20kA,SUCATA;UN
160189;MEDIDOR COMPL MULT 3F 15-120A A RECUPERA;PI
160190;MEDIDOR COMPL MULT 2F 15-120 A RECUPERAR;PI
160191;MEDIDOR COMPL MULT 1F 15-100A A RECUPERA;PI
160192;MEDIDOR INTELIG MULT 3F 15-120A A RECUPE;PI
160193;MEDIDOR INTELIG MULT 2F 15-120A A RECUPE;PI
163872;CAIXA, PLÁSTICA DIV. TIPOS E TAMANHOS IN;KG
163885;DISJ.TRIPOLAR DIVERS. TIPOS E CAP-SUCATA;PEÇ
163893;PLASTICO DIV TIPOS-SUCATA;KG
164218;CJT 3 ELEM.TRANSF.MED.MT,10A-A RECUPERAR;UN
164428;SUCATA RELIG 1F 27KV 200A OP3F NTE044/01;UN
164548;RECTIF/CARGADOR BATERIAS UP2008 SUCATA;PEÇ
164549;UP TELEC PARA INSTAL EXTERNO SUCATA;CDA
164552;SUCATA TERM LEIT IND 120V RAD FREQ LCD;UN
164553;SUCATA TERM LEIT INDIV 120V 15/100A;UN
164554;SUCATA TERMINAL LEITURA 120V;UN
164555;SUCATA DISPLAY REMOTO 120V;UN
164556;SUCATA DISPLAY FASE 2;UN
164557;SUCATA CJ CX PROC CONC SEC LANDIS FA 3;UN
164558;SUCATA CJ RADIO CONC SEC LANDIS FASE 3;UN
164559;SUCATA PROCESS(CPU) CONC SEC;UN
164560;SUCATA RADIO CONC SEC;UN
164562;UP TELEC PARA INSTAL EXTERNO À RECUPERAR;CDA
164638;SUCATA, METAIS NAO FERROSOS-, ALUMI(SUC);kg
164677;CP,POT,DERIV,200KVAR,6600V,ETA161,SUCATA;PEÇ
164678;CP,POT,DERIV,200KVAR,7960V,ETA161,SUCATA;PEÇ
164679;CJ TNSF MED MT 200/400A;FT1,5;0,2,SUCATA;PEÇ
164680;UNIDADE TERM REMOTA,12VCC,USO EXT,SUCATA;PEÇ
164681;CHAVE A OLEO,SUCATA;PEÇ
164682;CB AL NU 4AWG CA ,SUCATA;KG
164683;CB AL NU CAA 2AWG,SUCATA;KG
164684;COND CU NU 6MM²,1 FIO,PM-1846 I1 ,SUCATA;KG
164685;CB ELÉTR;MULT AL 35MM²-FP,SUCATA;M
164686;COND CONC.TETRA 10MM²-DQN-2067-FP,SUCATA;M
164687;CB PRE-REUN AL 3X95+1X70MM²;DED-1,SUCATA;M
164688;REL,27KV,800A,TRIF,AUT,12,5KA - SUCATA;UN
164689;BANCO,CAPAC,13,8KV,MAN,1X4,8MVAR,sucata;UN
164690;RET TRIF,220VCA/125VCC,50A,VALV,sucata;UN
164692;CAPACITOR,POT;DERIV;100KVAR;7960V;SUCATA;UN
165253;CAP,200KVA,7960V,25KA,ET002-A RECUPERAR;PEÇ
165254;CAP200KVAR,6600V,16KA,ET002-A RECUPERAR;PEÇ
166251;CAPACITOR, DIVERSOS TIPOS E CAPAC INSERV;PEÇ
166509;CJT 3 ELEM.TRANSF.MED.MT 15-20/5A,SUCATA;CJT
166510;CJ MED SHUNT 120V 100A CALIB SGPM,SUCATA;PEÇ
166511;CB,ELÉTR AL NU CAA4/0-FP SUBST.P/,SUCATA;KG
166512;CB, ELÉTRICO PRÉ-REUN AL 3X16+1,SUCATA;;M
166513;CB,AL,ISOL,70mm²,3F,15KV,D21006.0,SUCATA;M
166524;RELIGADOR DISTRIBUIÇÃO TRIPOLAR, DIVERSO;PEÇ
166552;CJT 3 ELEM.TRANSF.MED.MT,5-5-A RECUPERAR;UN
166553;CJT 3 ELEM.TRANSF.MED.MT,15A-A RECUPERAR;UN
166554;CJT 3 ELEM.TRANSF.MED.MT,20A-A RECUPERAR;UN
166555;CJT 3 ELE.TRANS.MD.MT,50/100-A RECUPERAR;UN
166564;SUCATA DISPL INDIV MONO LCD 120V 60HZ;UN
170982;PARA-RAIOS, DIVERSOS TIPOS INSERVIVEL-NO;KG
171164;CHAVE, FUSIVEL RELIGADORA, 24.2 KV (SUC);UN
171167;CHAVE,FUSIVEL,15 KV, 50A, 1.2KA,NB(SUC);PEÇ
171171;ELO-FUSIVEL, DISTRIBUICAO, 15/36.2K(SUC);UN
180730;RGDAT A70/C RELE PROT E IND SUCATA;PEÇ
180746;RELIGADOR,400A-15,5KV-8KA-3F-SUCATA;UN
201360;TERM,AGR,CB POT,12/20KV,35-150MM2 - SUC;UN
201501;CB,ACO-CU,ATERR,35MM²,D80502,SUCATA;UN
231162;POSTE, MADEIRA INSERVÍVEL-NO ESTADO;PEÇ
231163;CRUZETA CONC DIV TAM INSERVIVEL-NO ESTAD;PEÇ
231168;CANTONEIRA FE ZINC DIV TAM-SUCATA;KG
231438;CRUZETA, POLIMERICA 2400MM RETANG 1(SUC);UN
231440;CRUZETA,CONCRETO ARMADO,TIPO COSMOS(SUCATA);UN
231441;CRUZETA,MADEIRA,LEI,2400X150X120MM (SUC);UN
231447;POSTE, CONCRETO CIRCULAR, 7M 400D(SUC);PEÇ
231455;POSTE, CONCRETO CIRCULAR, 10M 300D(SUC);UN
231457;POSTE, CONCRETO CIRCULAR, 10M 500D(SUC);PEÇ
231462;POSTE, CONCRETO CIRCULAR, 11M 200D(SUC);UN
231470;POSTE, CONCRETO CIRCULAR, 12M 300D(SUC);UN
231471;POSTE, CONCRETO CIRCULAR, 12M 400D(SUC);PEÇ
231472;POSTE, CONCRETO CIRCULAR, 12M 600D(SUC);UN
231474;POSTE, CONCRETO CIRCULAR, 12M 1000D(SUC);PEÇ
231476;POSTE, CONCRETO CIRCULAR, 12M 2000D (SUC);PEÇ
231478;POSTE, CONCRETO CIRCULAR, 13M 1000D(SUC);PEÇ
231480;POSTE, CONCRETO CIRCULAR, 14M 400D(SUC);un
231511;POSTE, MADEIRA,EUCALIPTO,TRATADO, 9(SUC);UN
231540;POSTE CONC. DT 11MX400DAN - SUCATA;UN
231541;POSTE,11X200 CONC.CIRC - SUCATA;UN
231542;POSTE CONC. DT 11X600 - SUCATA;PEÇ
231543;POSTE CONC.DT,12X400 - SUCATA;UN
231544;POSTE CONCRETO DT 9/100 - SUCATA;UN
231545;POSTE, CONCRETO, DT, 7/400 - SUCATA;PEÇ
231546;POSTE,9X200,CONC.CIRC - SUCATA;UN
231547;POSTE,9X400,CONC.CIRC - SUCATA;UN
231548;POSTE 11X400CONC. CIRC - SUCATA;UN
231549;POSTE CONC CIRC 10,5/300 - SUCATA;UN
231550;POSTE,11X600 CONC.CIRC - SUCATA;UN
231551;POSTE EUCAL.TRAT.9X400 - SUCATA;UN
231552;POSTE EUCAL.TRAT.11X400 - SUCATA;UN
231553;POSTE CONC DT 10X150 - SUCATA;UN
231554;POSTE EUCAL.TRAT.11X600 - SUCATA;UN
231555;POSTE EUCAL.TRAT.9X250 - SUCATA;UN
231556;POSTE EUCAL.TRAT.11X250 - SUCATA;UN
231557;POSTE 11X1000,CONC.CIRC - SUCATA;UN
231558;POSTE CONC. DT 11X200 - SUCATA;UN
231559;POSTE CONC. DT 9X200 - SUCATA;UN
231560;POSTE CONC. DT 9X400 - SUCATA;UN
231561;POSTE AÇO 8/12 - SUCATA;UN
231576;POSTE,CONC,DT,10M, 300DAN,B,SUCATA;UN
231578;POSTE,CONC,DT,11M, 200DAN,D,SUCATA;UN
231579;POSTE,CONC,DT,11M, 300DAN,B,SUCATA;UN
231580;POSTE,CONC,DT,11M, 600DAN,B,SUCATA;UN
231581;POSTE,CONC,DT,11M,1000DAN,B-1.5,SUCATA;UN
231584;POSTE,CONC,DT,12M, 600DAN,B,RD,SUCATA;UN
231585;POSTE,CONC,DT,12M, 800DAN,D,SUCATA;UN
231586;POSTE,CONC,DT,12M,1000DAN,B-1.5,SUCATA;UN
231587;POSTE,CONC,DT,12M,2000DAN,B-4.5,SUCATA;UN
231589;POSTE,CONC,DT,13M,600DAN,B,SUCATA;UN
231598;POSTE,FIBRA VIDRO,12M, 600DAN,SUCATA;UN
231601;POSTE,CONC,DT, 8M,100DAN,SUCATA;UN
231603;POSTE,CONC,DT, 8M,300DAN,D,SUCATA;UN
231606;POSTE,CONC,DT, 9M,600DAN,B,RD,SUCATA;UN
231614;POSTE,FIBRA,BIP, 9M,400DAN - SUCATA;UN
231615;PT CONC CIRCULAR 11M X800DAN,SUCATA;PEÇ
231616;PT,9MX600DAN,CO.CIRC,C.II,NBR8451,SUCATA;PEÇ
231617;PT,15MX1000DAN,CO.CIRC,C.II,NBR84,SUCATA;PEÇ
231618;PT,12MX1000DAN,CO.CIRC,C.II,SUCATA;PEÇ
231619;PT,12MX2000DAN,CO.CIRC,C.II,NBR84,SUCATA;PEÇ
231620;PT,12MX400DAN,CO.CIRC,C.II,NBR845,SUCATA;PEÇ
231621;PT,12MX600DAN,CO.CIRC,C.II,SUCATA;PEÇ
231622;PT EUCAL.TRAT.11MX250DAN-DED-0056,SUCATA;PEÇ
231623;PT EUCAL.TRAT.11X400DAN,SUCATA;PEÇ
231624;PT,13MX1000DAN,CO.CIRC,C.II,NBR84,SUCATA;PEÇ
231625;PT,11MX1500DAN,CO.CIRC,C.II,NBR84,SUCATA;PEÇ
231626;PT,CIRC,MAD,9M,600DAN,D0318,SUCATA;PEÇ
231627;PT FIBRA BIPART 11X400DAN PM2268 ,SUCATA;PEÇ
231628;PT CONCRETO,CIRC,14X1000DAN,SUCATA;UN
231629;PT CONC. DT 11MX1500DAN,PM0055 I8,SUCATA;UN
231630;PT CONC. DT 13MX1000DAN,PM0055 I1,SUCATA;UN
231631;PT CONC. DT 13MX2000DAN,PM0055 I1,SUCATA;UN
231656;TORRES METÁLICAS DE AÇO PARA LTS, SUCATA;KG
231994;POSTE, CONC DT; 9M; 300DAN;SUCATA;UN
232327;POSTE, CONCRETO CIRCULAR, 13M 400D(SUC);PEÇ
232329;POSTE CONCRETO DT 11/1500 SUCATA;PEÇ
232334;POSTE C CIRCULAR 9/300 - SUCATA;;UN
232339;PT,21MX1200DAN,CO.CIRC,C.II,NBR84,SUCATA;PEÇ
232340;PT, CONC DUPLO T 13M X 1000DAN,SUCATA;;PEÇ
232341;PT, CONCRETO CIRCULAR 12MX1200DAN,SUCATA;PEÇ
232342;PT,18MX1500DAN,CO.CIRC,C.II,SUCATA;;PEÇ
232343;PT,15MX2000DAN,CO.CIRC,C.II,NBR84,SUCATA;PEÇ
232344;PT,13MX2000DAN,CO.CIRC,C.II,SUCATA;;PEÇ
232345;PT,18MX1000DAN,CO.CIRC,C.II,NBR84,SUCATA;PEÇ
232346;PT CONCRETO 5MX100DAN DED-1739 I1,SUCATA;PEÇ
232347;PT BIPARTIDO,PARTE INFERIOR-PM221,SUCATA;PEÇ
232348;PT BIPARTID,PART SUPERIOR 7M-PM22,SUCATA;PEÇ
232349;PT CONC. DT 15MX1000DAN, D300.20.,SUCATA;UN
232350;PT CONC. DT 15MX2000DAN, D300.20.,SUCATA;UN
232351;PT CONC. DT 20MX1000DAN, D300.20.,SUCATA;UN
240141;MEDIDOR ELETR POLIF ATIVA/REAT - SUCATA;UN
253283;MÓDULO DE MEDIDA,SUCATA;;PEÇ
275302;PT EUCAL.TRAT.12MX400DAN-DED-0056,SUCATA;PEÇ
275303;PT,CIRC,MAD,12M,600DAN,D0056,SUCATA;PEÇ
300682;ISOLADOR, DISCO, VIDRO TEMPERADO GA(SUC);PEÇ
310558;SUCATA, METAIS FERROSOS-, FERRO/ACO(SUC);KG
310736;CABO, ELETRICO NU AL CA, 4 AWG RO(SUC);KG
310789;CABO AL NÚ CA 2 AWG - SUCATA;M
310790;CONDALNÚCAA4AWG - SUCATA;KG
310791;CONDCUNU,35MM²,7FIOS - SUCATA;KG
310792;CONDALNUCAA1/0AWG - SUCATA;KG
310793;CONDCUNU,70MM²,19FIOS - SUCATA;KG
310794;CONDUTORALNÚCA4/0AWG - SUCATA;KG
310795;CABO AL NÚ CA 1/0 AWG - SUCATA;KG
310796;CABO AL CA 336,4MCM - SUCATA;KG
310805;CABO,CU NU, 25MM2,7F,MEIO-DURO,SUCATA;KG
310806;CABO,CU NU, 35MM2,7F,MEIO-DURO,SUCATA;KG
310816;CABO,POT,CU UNIP,8.7/15- 35,CL2,SUCATA;M
310825;CABO,CU NU, 70MM2,19F,MEIO-DURO,SUCATA;KG
310827;CABO,CU NU,120MM2,37F,MEIO-DURO,SUCATA;KG
310834;CABO,POT,UNIP,AL,8.7/15KV, 50MM2,SUCATA;M
310835;CABO,NU CA, 2AWG,7F,IRIS,SUCATA;KG
310837;CABO,NU CA, 1/0AWG,7F,POPPY,SUCATA;KG
310839;COND CU NU,16MM,19F,PM1846-FP-VD.,SUCATA;KG
310840;COND CU NU,16MM²,7 FIOS,PM-1846 I,SUCATA;KG
310841;COND CU NU 10MM²,1 FIO,PM-1846 I2,SUCATA;KG
310842;CB,NU,CAA,336MCM,LINNET,B,D21102,SUCATA;KG
310843;CONDOR AL NÚ CA 4/0 AWG DED-0057 ,SUCATA;KG
310844;COND AL NÚ CAA 4AWG PM-1955 I1 R4,SUCATA;KG
310845;COND AL NU CAA 1/0AWG PM-1955 I2 ,SUCATA;KG
310846;CB,AL NU CA 477MCM DED-0057 I.4 R,SUCATA;KG
310847;COND LIGA AL NU ENGRAX AAAC50MM²,SUCATA;KG
310848;COND LIGA AL NU ENGRAX AAAC25MM,SUCATA;KG
310849;CB DE ALUM NU CAA A 4/0 I5 211.0,SUCATA;KG
310850;CONDOR LIGA AL 25MM-AAAC-7F-PM223,SUCATA;KG
310851;CONDOR LIGA AL 50MM-AAAC-7F-PM223,SUCATA;KG
310853;CB POT 8,7-15KV,TRIP,AL,70MM,PM22,SUCATA;M
310855;CABO,NU,CAA,266MCM,PARTRIDGE,B,sucata;KG
310856;CABO,NU,CAA,336MCM,LINNET,A,SUCATA;KG
310859;CABO CU NU;120MM2;37F; MD;SUCATA;KG
310863;CABO, ELÉTRICO DE COBRE NÚ 2AWG, SUCATA;KG
311105;COND LIGA AL NU ENGRAX AAAC160MM,SUCATA;;KG
311106;CONDOR AL CAA 100-A1/S1A-6/1-E-MT,SUCATA;KG
311107;COND LIGA AL NU ENGRAX AAAC70MM²,SUCATA;;KG
311108;CB POTEN.UP.SUBMAR.70MM²-DQN1963,SUCATA;;M
330890;CABO,CONCEN;CU;0,6/1KV;2X10MM2;SUCATA;M
330893;CONDUTOR CONC. BIPOL.4MM² - SUCATA;M
330894;CONDUTOR CONC.BIPOL.6MM² - SUCATA;M
330895;CABO CONCENTRICO BIP AL 10MM - SUCATA;M
330896;CABO CONCENTRICO BIP AL 16MM - SUCATA;M
330897;CABO PRE-REUN AL,3X150+70MM² - SUCATA;M
330898;CABO PRE-REUN AL,3X35+50MM² - SUCATA;M
330899;CABO PRE-REUN AL,3X50+50MM² - SUCATA;M
330900;CABO PRE-REUN AL,3X95+50MM² - SUCATA;M
330902;CBAL185MM²PROT,MT,XLPE,15KV - SUCATA;M
330903;CBAL35MM²PROT,MT,XLPE15KV - SUCATA;M
330904;CBAL50MM²PROT,MT,XLPE15KV - SUCATA;M
330905;CBPOTCU3X16+16MM²0.6/1KV - SUCATA;M
330906;CABO CONCENTRICO BIP AL 10MM - SUCATA;M
330918;CABO,CU ISOL,XLPE,0,6/1KV, 16MM2,SUCATA;M
330920;CABO,CU ISOL,XLPE,0,6/1KV, 35MM2,SUCATA;M
330921;CABO,CU ISOL,XLPE,0,6/1KV, 50MM2,SUCATA;M
330922;CABO,CU ISOL,XLPE,0,6/1KV, 70MM2,SUCATA;M
330923;CABO,CU ISOL,XLPE,0,6/1KV, 95MM2,SUCATA;M
330925;CABO,CU ISOL,XLPE,0,6/1KV,185MM2,SUCATA;M
330937;CABO,POT,PRE-REUN,AL,15-3X 50+50,SUCATA;M
330938;CABO,POT,PRE-REUN,AL,15-3X 70+50,SUCATA;M
330942;CABO,POT,UNIP,AL,8.7/15KV, 35MM2,SUCATA;M
330948;CABO,PRE-REUN,BT,CU,3X10-1X10,SUCATA;M
330952;CB MULT CU ISOL2X16+16MM 0,6/1KV ,SUCATA;M
330953;CB MULT CU ISOL2X25+25MM 0,6/1KV ,SUCATA;M
330954;COND CU ISOL 750V 35MM² DED1843,SUCATA;M
330955;CB PREREU AL3X35+50MM²8,7/15KV,SUCATA;M
330956;CB CONC TRIP CU 1,5MM²-DED1840-F.,SUCATA;M
330957;CB PRE-REUN AL,3X150+70MM²,PM-198,SUCATA;M
330958;CONDOR CONC.BIPOL.6MM²-DED-1722 I,SUCATA;M
330959;CB PRÉ-REUN 0,6/1KV CU3X95+50,SUCATA;M
330960;CB PRE-REU 0,6/1KV CU 3X35+35 DED,SUCATA;M
330961;CONDOR CONC BIP CU 10MM² DED1722 ,SUCATA;M
330962;CB UNI,CU,ISOL,RD SUB BT 16MM,PM2,SUCATA;M
330963;CB UNI,CU,ISOL,RD SUB BT 35MM,PM2,SUCATA;M
330964;CB,AL,ISOL,185MM²,3F,15KV,D21006.,SUCATA;M
330965;COND.CU ISOL.750V,16MM², DED-1843,SUCATA;M
330966;CONDOR CONC. BIPOL.4MM²-DED-1722 ,SUCATA;M
330967;CB PRE-REUN AL,3X35+50MM²,PM-1982,SUCATA;M
330968;CB PE-REU AL 3X35+1X50-FP-6779848,SUCATA;M
330969;CB PRE-REUN AL,2X16+25MM²,PM-1982,SUCATA;M
330970;CB, MT,CU, HEPR,1 X 240,12/20KV. ,SUCATA;M
330971;COND CU ISOL 750V 6MM² DED1843 I4,SUCATA;M
330972;CB PRÉ-REU 0,6/1KV CU3X70+50,SUCATA;M
330973;CB PRÉ-REU 0,6/1KV CU 3X25+25,SUCATA;M
330974;CB PRE-REU 0,6/1KV CU 3X16+16,SUCATA;M
330975;CB CONCENTRICO BIP AL 6MM,PM2234 ,SUCATA;M
330976;CB CONCENTRICO BIP AL 16MM,PM2234,SUCATA;M
330977;CB PRE-REU AL3X95+70MM²-8,7/15KV,SUCATA;M
330978;CB,AL,ISOL,70MM²,1F,15KV,D21006.0,SUCATA;M
330979;CB CU COB 16MMDQN1993-FP.4589331 ,SUCATA;M
330980;CB PRE-REUN AL,3X25+35MM²,PM-1982,SUCATA;M
331095;CB.CONC.TRIP.CU 10MM²-DED-1840-FP,SUCATA;M
331255;CABO, ELETRICO ISOL MULTIPLEX, DUPL(SUC);M
331258;CBPRE-REUCU,0,6/1KV,3X16+16 - SUCATA;;M
331259;COND CU ISOL 750V 25MM² DED-1843 ,SUCATA;M
331260;COND CU ISOL 750V 10MM² DED1843,SUCATA;;M
331261;CB CU ISOL XLPE 0,6/1KV150MM² DED,SUCATA;M
331262;CB PRE-REU 0,6/1KV CU 3X185,SUCATA;;M
331263;CB PRE-REU 0,6/1KV CU 3X120,SUCATA;;M
331264;CB UNI,CU,ISOL,RD SUB BT 70MM,PM2,SUCATA;M
331265;COND.CU ISOL.750V, 4MM²-DED-1843 ,SUCATA;M
331266;COND.CU ISOL.750V,50MM² -DED-1843,SUCATA;M
331267;CB,CONCENT,AL,0,6/1KV,4X50MM²,EBT,SUCATA;M
331268;CB UNI,AL,ISOL,RD SUB BT 120MM,PM,SUCATA;M
331269;CB, MT, AL, XLPE, 3 X 240,12/20KV,SUCATA;M
331270;COND CU ISOL 750V 2,5MM² DED1843 ,SUCATA;M
331271;COND CU ISOL 750V 1,5MM² DED1843 ,SUCATA;M
331272;CB UNI,AL,ISOL,RD SUB BT 240MM²PM,SUCATA;M
331273;CB,CU,ISOL,SUB,3F,20KV,95MM²,PM22,SUCATA;M
331274;CB AL 70MM² PROT;MT;XLPE 34,5KV -,SUCAT;M
350544;CB DUP AL XLPE 1X35+1X35 0,6/1KV ,SUCATA;M
350545;CB TRIP AL XLPE2X35+35MM 0,6/1KV ,SUCATA;M
350546;CB,AL,PROT,XLPE,50MM²,15KV,D21105,SUCATA;M
350547;CB,AL,PROT,XLPE,35MM²,15KV,D21105,SUCATA;M
350548;CB,AL,PROT,XLPE,185MM²,15KV,D2110,SUCATA;M
350549;CB,MT,XLPE,3X95+50,3F,12/20KV,S/F,SUCATA;M
350550;CB,MT,XLPE,3X50+50,3F,12/20KV,S/F,SUCATA;M
350639;CB,MT,XLPE,3X150+50,3F,12/20KV,S/,SUCATA;M
350733;CB,TRIPLEX,12/20KV,AL,XLPE,185MM2,SUCATA;M
470084;SUCATA MONIT REMOTO RAMAIS-D14310.0;UN
480398;MED ENERGIA ATIVA,BIF,15-120A+MOD,SUCATA;CJT
480399;MED ENERGIA ATIVA,TRIF,15,SUCATA;;CJT
500148;REGULADOR,7,62KV,509KVA,668A,1F- - SUC;UN
500151;RELIGADOR,630A 15,5KV 12,5KA 3F SUCATA;UN
500165;REGULA,7,62KV,167KVA,219A,1F-À RECUPERAR;UN
500166;REGULA,7,62KV,250KVA,328A,1F-À RECUPERAR;UN
500167;RELIGADOR,400A-15,5KV-8KA-3F-À RECUPERAR;UN
500180;REGULADOR,19,92KV,667KVA,335A,1F-SUCATA;UN
500181;REGULADOR, TENSAO AUTOMATICO MONO,SUCATA;PEÇ
500276;REG,TENSÃO,7,62KV,167KVA,219A,1F,SUCATA;;PEÇ
510156;MEDIDOR ION7650 ENERG 3F A RECUPERAR;PI
510161;MEDIDOR BALANCO ENERG 3F 4F 3E A RECUPER;PI
510187;MEDIDOR ELETROM 1F 15A 2F 1E A RECUPERAR;PI
510188;MEDIDOR ELET GD MULT 3F 30-200A A RECUPE;PI
510189;MEDIDOR ELET-TB MULT 3F 15-120A A RECUPE;PI
510190;MEDIDOR ELET-TB MULT 2F 15-120A A RECUPE;PI
510406;MEDIDOR DIV TIPOS INSERVIVEL-NO ESTADO;KG
510467;MEDIDOR SIMPLES SUCATA;KG
510468;MODULO DE CONTROLE,SUCATA;KG
510469;DISPLAY INDIVIDUAL SUCATA;KG
510470;CONCENTRADOR SECUNDÁRIO SUCATA;KG
510483;SUCATA CONJ TRANSF,MEDIÇÃO,MT PM1939 I1;KG
510484;SUCATA CJT TRANSF.MED.MT,10A,PM-1939 I2;KG
510485;SUCATA CJT TRANSF.MED.MT,15A,PM-1939 I3;KG
510486;SUCATA CJT TRANSF.MED.MT,20A,PM-1939 I4;KG
510487;SUCATA CJT TRANS.MED.MT,50/100,PM-1939I5;KG
510488;SUCATA CJT TRANS.MED.MT,150/200,P-1939I6;KG
510489;SUCATA CJT TRANS.MED.MT,200-600,PM1939I7;KG
510556;UNIDAD PERIFERICA TELECONTROL SUCATA;PEÇ
510682;CONJ,MED,POLIM,15KV,3EL, 10/5A,SUCATA;PEÇ
510687;CS SGP+MIII TRI 310, 120V RF - SUCATA;UN
510688;MED ELETR, 1F,ACT15,100A,120V - SUCATA;UN
510689;MED,ELET,GD,TRI,15-120A,120V, - SUCATA;UN
510690;MEDIDOR 3 FASES ELETROMEC.-4FIOS - SUCAT;UN
510691;MEDIDOR BALANÇO ENERGÉTICO TRI - SUCATA;UN
510693;MEDIDOR ELETR BIF,MED DIR,15(120A) - SUC;UN
510694;MEDIDOR ELETR SAGA2000-E650 IND RF - SUC;UN
510697;MEDIDOR ENERGIA ATIVA,TRIF,15 - SUCATA;UN
510700;MEDIDOR,ELETR,POLIF,E650,DIR - SUCATA;UN
510701;MEDIDOR,ELETR,POLIF,E650,IND - SUCATA;UN
510703;MEDIDOR;21CN;2,5(10);AC/DC - SUCATA;UN
510704;MODULO DE MEDIDA MONO ELSTER - SUCATA;UN
510705;CJT 3 ELEM.TRANSF .MED.MT,10A - R - SUC;CJT
510706;CJT 3 ELEM.TRANSF .MED.MT,15A - R - SUC;CJT
510707;CJT 3 ELEM.TRANSF .MED.MT,5-5A - R - SUC;CJT
510708;CJT 3 ELEM.TRANSF.MED.MT,15A - SUCATA;CJT
510709;CJT 3 ELEM.TRANSF.MED.MT,20A - SUCATA;CJT
510710;CJT 3ELEM.TRAN .MED.MT,150/200 - SUCATA;CJT
510711;CJT 3ELEM.TRAN.MED.MT,200-600 - SUCATA;CJT
510712;CJT3 ELEM.TRANS.MED.MT,50/100 - SUCATA;CJT
510713;CONCENTRADOR SECUND,TRIF,120V - SUCATA;UN
510714;CONCENTRADOR SECUNDARIO P/12MED - SUCATA;UN
510721;CONTROLE,RELIGADOR,127/220V-SUCATA;UN
510729;CJT 3 ELEM.TRANSF .MED.MT,10A -R -SUCATA;UN
510730;CJT 3 ELEM.TRANSF .MED.MT,15A -R- SUCATA;UN
510731;CJT 3 ELEM.TRANSF .MED.MT,5-5A -R-SUCATA;UN
510732;CJT 3 ELEM.TRANSF.MED.MT,20A - SUC;UN
510733;CJT 3ELEM.TRAN .MED.MT,150/200 - SUC;UN
510734;CJT 3ELEM.TRAN.MED.MT,200-600 - SUC;UN
510735;CJT3 ELEM.TRANS.MED.MT,50/100 - SUC;UN
510736;CJT 3ELEM.TRAN.MED.MT,200-600,PM-,SUCATA;CJT
510738;KIT MACROMEDIÇÃO,SUCATA;CJT
510739;MED ENERGIA (BI) SAMURAI,SUCATA;CJT
510740;MED KWH POLIF 2 ELM3 FASES3 FS FP,SUCATA;PEÇ
510741;MED,KWH MONO 1 EL 2FIOS 120V-15A ,SUCATA;PEÇ
510742;MD ER, 1F,AT15,100A,120V,2H,1E,60,SUCATA;PEÇ
510743;CJ MED SHUNT 120V CALIB;SHUNT FSI,SUCATA;PEÇ
510744;MODULO CONTROLE LEITURA - VS 02,SUCATA;PEÇ
510745;MED ELE BIF,MED DIR,15(120)A,120V,SUCATA;PEÇ
510746;MED ENERG ATIVA,BIF,15-120A,SEM M,SUCATA;PEÇ
510747;MED ENERG ATIVA,TRIF,15-120A,SEM ,SUCATA;PEÇ
510748;ZMD118AMT.9000 PLAT ZD318 SGPM DI,SUCATA;PEÇ
510749;MED SIMPLES+MODULO CORTE/REP,SUCATA;PEÇ
510750;MED;21CN;2,5(10);AC/DC,SUCATA;PEÇ
510751;MED ELECT 3F ACT/REAC 30(200)A,SUCATA;PEÇ
510752;MED EL TRIF,MED DIR,15(120)A,120V,SUCATA;PEÇ
510753;ZMD118AMT.9000PLAT ZD318 SGPM IND,SUCATA;PEÇ
510754;MED, KWH POLIF 3 ELEM 3 FASES 4 F,SUCATA;PEÇ
510755;MED,TRIFASICO,ELETRONIC,PORTA,OPT,SUCATA;PEÇ
510756;CJ MED 120V SGPMII-SHL6.3aC/SN,SUCATA;PEÇ
510757;CONJ TRANSFORM,MEDIÇÃO,MT PM1939 ,SUCATA;PEÇ
510758;CONCENTRADOR SECUND,TRIF,120V,SUCATA;PEÇ
510759;CONCENTRADOR PRIM S/MODEM 120V,SUCATA;PEÇ
510760;MED,E13,BIFÁSICO,SUCATA;UN
510761;MED,E13,MONOFASICO,SUCATA;UN
510762;MED,E13,TRIFÁSICO,SUCATA;UN
510763;MED TRIFASICO 120-240 V(2,5-10 A),SUCATA;UN
510764;CS SGP+MIII TRI 310, 120V RF 7M1B,SUCATA;UN
510765;MED,ELETR,POLIF,E650,INDIRETO,SUCATA;UN
510766;CONCENTR;SECUNDARIO;540X360X170MM,SUCATA;UN
510768;MEDIDOR, KWH POLIF 2 ELEM 3 FIOS-SUCATA;UN
510769;MEDIDOR,KWH MONO 1 ELEM 2FIOS - SUCATA;UN
510770;MEDIDOR DE WATT -HORA MOD D-58A - SUCATA;UN
511171;MEDIDOR,KWH POLIF.2EL.3F.-A RECUPERAR;;PEÇ
511172;MEDIDOR,KWH POLIF.3 ELEM.3F.-A RECUPERAR;PEÇ
511173;MEDIDOR,KWH MONOF 1 ELEM 2-A RECUPERAR;;PEÇ
511192;MED ENERGIA ATIVA,TRIF,15-120A+MO,SUCATA;CJT
511193;MED,EG ATIVA,MONO,15-100A,C/PLC -,SUCATA;PEÇ
511194;MED 3 FASES ELEMEC.4FIOS-200A - s,SUCATA;PEÇ
511195;MD CORRENTE 500KV,60-50HZ,1-2000A,SUCATA;PEÇ
511196;MED ELECT 3F 30(200)A S/ DISPLAY ,SUCATA;PEÇ
511197;MED EL POLIF,ATV/REAT,15A,120/240,SUCATA;PEÇ
511198;MED ELETR SAGA2000-E650 DIR,RF EX,SUCATA;PEÇ
511199;MED ELETR;SAGA2000-1641;MED INDIR,SUCAT;PEÇ
511200;MED POLIF ATIV /REATIV,0,5-S/DISP,SUCATA;PEÇ
511201;MED ELETR SAGA2000-E650 IND,RF EX,SUCATA;PEÇ
511202;CP SGPMII 120V TCONV C/SPT PREP,SUCATA;;PEÇ
511203;MÓDULO DE CONTROLE,SUCATA;;PEÇ
511204;MED TRI NP57(120V),SUCATA;;UN
511205;MED ELETRONICO TRIFASICO 2,5-10A ,SUCATA;UN
511206;CP SGP+MIII 120V 915MHZ GPRS NAC ,SUCATA;UN
511207;MED,ELETR,POLIF,E650,DIRETO,SUCATA;;UN
511208;CONCENTR;PRIMARIO;540X360X170MM; ,SUCAT;UN
511224;MEDIDOR ELECTRONI 3F 30(200)A S/DSP- SUC;UN
520416;UNID REM CT DADOS C/ISOL BARR12MD,SUCATA;PEÇ
520420;SUC MED ELETR BR 100A,120V,1E,2F E-EM04;UN
520421;SUC MED ELETR BR 100A,120V,3E,4F E-EM04;UN
520431;SUC MED ELETR BR 120A,120V,2E,3F E-EM0;UN
520432;SUCATA MED ELETR GD 1F 100A,120V,2H,1E;UN
520433;SUCATA MED ELET GERD,TRI 200A,120V,3E,4F;UN
520434;SUCATA MED ELET MULTIF 4F LCD 4F 2-3E;UN
520435;SUCATA MEDIDOR ION 8600;UN
520438;SUCATA MED ELET CORE,1F,15(120)A,120V;UN
531327;TRANSF,DISTR MONO/BI,3/10KVA,INSERVIVEL;PEÇ
531439;TP, 11,4/13,5KV-230V EX D115.01.0 SUCATA;PEÇ
531513;CONJUNTO, MEDICAO, 13.8KV 3TP+3TC 7(SUC);UN
531584;TRANSFORMADOR, CORRENTE 34,5KV EX,SUCATA;PEÇ
531585;TRAFO DIST BIF RURAL,5KVA-FORA PA,SUCATA;PEÇ
531588;TC 138-145 KV 60 HZ 120:1 USO EXT,SUCATA;UN
531589;TP 34,5-36,2 KV 60 HZ USO EXTERNO,SUCATA;UN
531590;TC 17,5kV 600/400/300/200 5A 25kA,sucata;UN
531591;TC 17,5kV2000/1600/1200/8001A25kA,sucata;UN
531592;TC 72,5kV 2x600/400/200 5A 25kA,sucata;UN
531593;TC 72,5kV 200/300/400/600-5A 40kA,sucata;UN
531930;TP SECO,300KVA,PM-2165 I1,SUCATA;;PEÇ
531931;TP SECO,500KVA,PM-2165 I.2-UM,SUCATA;;PEÇ
531932;TP SECO,1000KVA,PM-2165 I.3-UM,SUCATA;;PEÇ
531933;TC 34,5-36,2 KV 60 HZ 40:1 USO EX,SUCATA;UN
531934;TP 38KV,EXT 34500/R3,115V,500VA -,SUCATA;UN
800268;PT CONC. DT 7MX150DAN,PM0055 I23 ,SUCATA;PEÇ
800448;FERRAMENTAS DIVERSOS TIPOS - SUCATA.;;KG
800482;PT CONC CIRC 11M X 1200 DAN,SUCATA;;PEÇ
800483;PT,18MX2000DAN,CO.CIRC,C.II,NBR84,SUCATA;PEÇ
800484;PT,20MX2000DAN,CO.CIRC,C.II,NBR84,SUCATA;PEÇ
800485;PT, 5MX150DAN, ENTRADA-SERVIÇO CO,SUCATA;PEÇ
800486;PT CONC. DT 5MX150DAN,PM005,SUCATA;;PEÇ
800487;PT CC,MCRO SILICA,16X1000DAN,AMB ,SUCATA;PEÇ
800488;PT CC,MICRO SILICA,20X1200DAN,AMB,SUCATA;PEÇ
820088;CRUZETA MAD INSERVIVEL-NO ESTADO;PEÇ
820091;HAVE C-CIRCUITO DIV TIPOS-SUCATA;KG
820092;ISOLADOR, DISCO DIV TIPOS INSERVIVEL-NO;KG
820093;ISOLADOR, DIV.TIPO INSERVIVEL-SUCATA;KG
820096;FERRO FUNDIDO SUCATA;KG
820097;PARAFUSO E FERRAGEM ZINCADO SUCATA;KG
820098;FIO E CORDOALHA ACO DIVERSOS TIPOS - SUC;KG
820099;FERRO BATIDO SUCATA;KG
820100;POSTE, FE OXIDADO DIV TAMANHOS-SUCATA;PEÇ
820101;BRONZE SUCATA - C/RESIDUOS E SUCATAS DIV;KG
820102;FIO E CABO CU NU - DIV TIPOS - SUCATA;KG
820104;FIO,CABO COBRE ISOLADO-DIV TIP-SUCATA;KG
820105;FIOS E CORDOALHAS CU DIV.TIPOS-SUCATA;KG
820106;SUCATA DE OUTROS;KG
820145;P-RAIO POLIM ÓX ZINC 60KV S/ CONT,sucata;UN
820146;PARA RAIOS,POLIM,120KV,ZNO,10KA,sucata;UN
820476;REATOR, LAMPADA DE DESCARGA-SUCATA;;KG
820480;POSTE, CONC.DUPLO T DIV.TAM.-SUCATA;;PEÇ
820481;TUBO BARRA E PECAS DIVERSAS CU SUCATA;;KG
820482;TUBO, PEÇA, LUMINÁRIA, EM ALUMÍNIO-SUCAT;KG
820485;BATERIA P/SE DIVERSOS TIPOS CAPAC-SUCATA;KG
820486;CHUMBO - SUCATA;;KG
820488;REGULADOR TENSAO;DIV TIPOS;SUCATA;;PEÇ
820540;SUCATA DE TRAFO DE FORÇA;UN
850972;ELEMENTO VARA MANOBRA DIV TIPO-SUCATA;;PEÇ
970781;SUCATA MEDIDOR INTELIGENTE BIF E34A;UN
970782;SUCATA MEDIDOR INTELIG TRIF E34A;UN
970783;SUCATA ADAP RED HID/PNEU INOX 1-1/2;UN
970790;SUCATA TC 69-72,5KV 60HZ 80:1 EXT;UN
970801;SUCATA TERMINAL COMUNICAÇÃO 3G;UN
4547279;REATOR, LAMPADA DE DESCARGA-SUCATA;KG
4547280;RELE FOTOELETRICO - RESIDUOS E SUCATAS;KG
4547297;POSTE, CONC.DUPLO T DIV.TAM.-SUCATA;PEÇ
4547305;TUBO BARRA E PECAS DIVERSAS CU SUCATA;KG
4547307;TUBO, PEÇA, LUMINÁRIA, EM ALUMÍNIO-SUCAT;KG
4547312;CARTUCHO,IMPRES.DIV.MARCAS/TIPOS-SUCATA;PEÇ
4547313;TONER,IMPRESSORA DIV.MARCAS/TIPO-SUCATA;PEÇ
4547392;CONECTOR, FEMEA P/CIRC IMPRES 36 TERMINA;PEÇ
4549742;BATERIA P/SE DIVERSOS TIPOS CAPAC-SUCATA;KG
4549745;CHUMBO - SUCATA;KG
4549746;FORMULÁRIOS DIVERSOS - SUCATA;KG
4558924;ELEMENTO VARA MANOBRA DIV TIPO-SUCATA;PEÇ
4558925;FERRAMENTAS DIVERSOS TIPOS - SUCATA.;KG
4558929;CÂMARA DE AR INSERVÍVEL - SUCATA.;KG
4558930;PNEU DIVERSOS TIPOS - SUCATA.;KG
4562458;CAPACITOR, DIVERSOS TIPOS E CAPAC INSERV;PEÇ
4562471;RELIGADOR DISTRIBUIÇÃO TRIPOLAR, DIVERSO;PEÇ
4580181;MICROCOMP.COMPL.DIV.TIP-INSERV-NO ESTADO;PEÇ
4591081;REGULADOR TENSAO;DIV TIPOS;SUCATA;PEÇ
4608328;TRAFO POTÊNCIA DIVERSOS TIPOS-SUCATA;KG
4611729;ESCADA FIBRA DIV TIPO/TAMANHO-INSERVIVEL;PEÇ
4666210;CJT 3 ELEM.TRANSF.MED.MT,5-5-A RECUPERAR;UN
4666212;CJT 3 ELEM.TRANSF.MED.MT,15A-A RECUPERAR;UN
4666213;CJT 3 ELEM.TRANSF.MED.MT,20A-A RECUPERAR;UN
4666214;CJT 3 ELE.TRANS.MD.MT,50/100-A RECUPERAR;UN
4722949;SUCATA TRAFO POTENCIAL 11,4KV USO INT;UN
4722950;SUCATA TRAFO POTENCIAL 13,8KV USO INT;UN
4722951;SUCATA TRAFO POTENCIAL 34,5KV USO INT;UN
4722952;SUCATA TRAFO CORR 15KV 10/5 USO INT;UN
4722953;SUCATA TRAFO CORR 15KV 100/5 USO INT;UN
4722954;SUCATA TRAFO CORR 15KV 15/5 USO INT;UN
4722955;SUCATA TRAFO CORR 15KV 2,5/5 USO INT;UN
4722956;SUCATA TRAFO CORR 15KV 20/5 USO INT;UN
4722957;SUCATA TRAFO CORR 15KV 200/5 USO INT;UN
4722958;SUCATA TRAFO CORR 15KV 25/5 USO INT;UN
4722959;SUCATA TRAFO CORR 15KV 250/5 USO INT;UN
4722960;SUCATA TRAFO CORR 15KV 30/5 USO INT;UN
4722961;SUCATA TRAFO CORR 15KV 34,5 USO INT;UN
4722962;SUCATA TRAFO CORR 15KV 300/5 USO INT;UN
4722963;SUCATA TRAFO CORR 15KV 40/5 USO INT;UN
4722964;SUCATA TRAFO CORR 15KV 400/5 USO INT;UN
4722965;SUCATA TRAFO CORR 15KV 5/5 USO INT;UN
4722966;SUCATA TRAFO CORR 15KV 50/5 USO INT;UN
4722967;SUCATA TRAFO CORR 15KV 500/5 USO INT;UN
4722968;SUCATA TRAFO CORR 15KV 600/5 USO INT;UN
4723217;SUCATA MEDIDOR 1316;UN
4728819;CAP,200KVA,7960V,25KA,ET002-A RECUPERAR;PEÇ
4728821;CAP200KVAR,6600V,16KA,ET002-A RECUPERAR;UN
6777101;SUCATA DE TRAFO DE FORÇA;UN
6777769;MEDIDOR,KWH POLIF.2EL.3F.-A RECUPERAR;PEÇ
6777770;MEDIDOR,KWH POLIF.3 ELEM.3F.-A RECUPERAR;PEÇ
6777771;MEDIDOR,KWH MONOF 1 ELEM 2-A RECUPERAR;PEÇ
6790987;SUCATA DISPL INDIV MONO LCD 120V 60HZ;UN
6812891;CONJ TRANSFORM,MEDIÇÃO,MT - SUCATA;PEÇ
6812952;CB.CONC.TRIP.CU 10MM² - SUCATA;M
6812953;CJ MED 120V SGPMII -SHL6.3AC/SN - SUCAT;CJT
6812963;CONCENTRADOR PRIMÁRIO S/ MODEM - SUCATA;UN
6813017;TRAFO TRIFÁSICO 112,5KVA - SUCATA;UN
6813028;CONDLIGAALNUENGRAXAAAC50M - SUCATA;KG
6813051;TRAFO DISTR TRIF,150KVA - SUCATA;UN
6813074;CBPRE-REUCU,0,6/1KV,3X16+16 - SUCATA;M
6813702;SECCIONALIZ,ELET,UNIPOL.D108.01 - SUCATA;PEÇ
6814367;REL,400A-15KV-10KA-E-MT-0004.R2.1,SUCATA;PEÇ
6814375;CJT 3 ELEM.TRANSF.MED.MT 15-20/5A,SUCATA;CJT
6814377;PT CONC CIRC 11M X 1200 DAN,SUCATA;PEÇ
6814378;REG,TENSÃO,7,62KV,167KVA,219A,1F,SUCATA;PEÇ
6814379;PT,18MX2000DAN,CO.CIRC,C.II,NBR84,SUCATA;PEÇ
6814384;PT,21MX1200DAN,CO.CIRC,C.II,NBR84,SUCATA;PEÇ
6814385;PT, CONC DUPLO T 13M X 1000DAN,SUCATA;PEÇ
6814386;PT, CONCRETO CIRCULAR 12MX1200DAN,SUCATA;PEÇ
6814387;PT,18MX1500DAN,CO.CIRC,C.II,SUCATA;PEÇ
6814391;MED ENERGIA ATIVA,BIF,15-120A+MOD,SUCATA;CJT
6814392;MED ENERGIA ATIVA,TRIF,15,SUCATA;CJT
6814393;MED ENERGIA ATIVA,TRIF,15-120A+MO,SUCATA;CJT
6814400;PT,20MX2000DAN,CO.CIRC,C.II,NBR84,SUCATA;PEÇ
6814401;PT, 5MX150DAN, ENTRADA-SERVIÇO CO,SUCATA;PEÇ
6814402;PT CONC. DT 5MX150DAN,PM005,SUCATA;PEÇ
6814404;PT CC,MCRO SILICA,16X1000DAN,AMB ,SUCATA;PEÇ
6814405;PT CC,MICRO SILICA,20X1200DAN,AMB,SUCATA;PEÇ
6814406;CJ MED SHUNT 120V 100A CALIB SGPM,SUCATA;PEÇ
6814410;MÓDULO DE MEDIDA,SUCATA;PEÇ
6814420;CH17,5KV-A6-630A-MAN-TP-VT/HZ-25K,SUCATA;PEÇ
6814421;REL, 800A-15KV, AUTOMÁTICO, TRIPO,SUCATA;PEÇ
6814426;CH SECC CARGA FUS400A,CX DIST RAM,SUCATA;PEÇ
6814427;CH SECC CARGA FUS630A,CX DIST RAM,SUCATA;PEÇ
6814441;PT,15MX2000DAN,CO.CIRC,C.II,NBR84,SUCATA;PEÇ
6814455;PT,13MX2000DAN,CO.CIRC,C.II,SUCATA;PEÇ
6814456;PT,18MX1000DAN,CO.CIRC,C.II,NBR84,SUCATA;PEÇ
6814457;PT CONCRETO 5MX100DAN DED-1739 I1,SUCATA;PEÇ
6814484;TP SECO,300KVA,PM-2165 I1,SUCATA;PEÇ
6814485;TP SECO,500KVA,PM-2165 I.2-UM,SUCATA;PEÇ
6814487;PT BIPARTIDO,PARTE INFERIOR-PM221,SUCATA;PEÇ
6814488;PT BIPARTID,PART SUPERIOR 7M-PM22,SUCATA;PEÇ
6814489;TP SECO,1000KVA,PM-2165 I.3-UM,SUCATA;PEÇ
6814496;MED,EG ATIVA,MONO,15-100A,C/PLC -,SUCATA;PEÇ
6814500;MED 3 FASES ELEMEC.4FIOS-200A - s,SUCATA;PEÇ
6814502;MD CORRENTE 500KV,60-50HZ,1-2000A,SUCATA;PEÇ
6814503;MED ELECT 3F 30(200)A S/ DISPLAY ,SUCATA;PEÇ
6814505;MED EL POLIF,ATV/REAT,15A,120/240,SUCATA;PEÇ
6814506;MED ELETR SAGA2000-E650 DIR,RF EX,SUCATA;PEÇ
6814507;MED ELETR;SAGA2000-1641;MED INDIR,SUCATA;PEÇ
6814511;MED POLIF ATIV /REATIV,0,5-S/DISP,SUCATA;PEÇ
6814515;MED ELETR SAGA2000-E650 IND,RF EX,SUCATA;PEÇ
6814520;UNID REM CT DADOS C/ISOL BARR12MD,SUCATA;PEÇ
6814523;CP SGPMII 120V TCONV C/SPT PREP,SUCATA;PEÇ
6814526;MÓDULO DE CONTROLE,SUCATA;PEÇ
6814542;COND LIGA AL NU ENGRAX AAAC160MM,SUCATA;KG
6814547;CONDOR AL CAA 100-A1/S1A-6/1-E-MT,SUCATA;KG
6814548;COND LIGA AL NU ENGRAX AAAC70MM²,SUCATA;KG
6814556;CB,ELÉTR AL NU CAA4/0-FP SUBST.P/,SUCATA;KG
6814560;COND CU ISOL 750V 25MM² DED-1843 ,SUCATA;M
6814562;COND CU ISOL 750V 10MM² DED1843,SUCATA;M
6814565;CB CU ISOL XLPE 0,6/1KV150MM² DED,SUCATA;M
6814569;CB PRE-REU 0,6/1KV CU 3X185,SUCATA;M
6814570;CB PRE-REU 0,6/1KV CU 3X120,SUCATA;M
6814575;CB UNI,CU,ISOL,RD SUB BT 70MM,PM2,SUCATA;M
6814577;COND.CU ISOL.750V, 4MM²-DED-1843 ,SUCATA;M
6814579;COND.CU ISOL.750V,50MM² -DED-1843,SUCATA;M
6814583;CB,CONCENT,AL,0,6/1KV,4X50MM²,EBT,SUCATA;M
6814584;CB UNI,AL,ISOL,RD SUB BT 120MM,PM,SUCATA;M
6814586;CB, MT, AL, XLPE, 3 X 240,12/20KV,SUCATA;M
6814590;CB.CONC.TRIP.CU 10MM²-DED-1840-FP,SUCATA;M
6814595;COND CU ISOL 750V 2,5MM² DED1843 ,SUCATA;M
6814596;COND CU ISOL 750V 1,5MM² DED1843 ,SUCATA;M
6814632;CB UNI,AL,ISOL,RD SUB BT 240MM²PM,SUCATA;M
6814635;CB,CU,ISOL,SUB,3F,20KV,95MM²,PM22,SUCATA;M
6814637;CB AL 70MM² PROT;MT;XLPE 34,5KV -,SUCATA;M
6814639;CB,MT,XLPE,3X150+50,3F,12/20KV,S/,SUCATA;M
6814641;CB,TRIPLEX,12/20KV,AL,XLPE,185MM2,SUCATA;M
6814642;CB POTEN.UP.SUBMAR.70MM²-DQN1963,SUCATA;M
6814645;CB, ELÉTRICO PRÉ-REUN AL 3X16+1,SUCATA;M
6814648;CB,AL,ISOL,70mm²,3F,15KV,D21006.0,SUCATA;M
6814656;PT CONC. DT 15MX1000DAN, D300.20.,SUCATA;UN
6814657;PT CONC. DT 15MX2000DAN, D300.20.,SUCATA;UN
6814658;PT CONC. DT 20MX1000DAN, D300.20.,SUCATA;UN
6814660;TC 34,5-36,2 KV 60 HZ 40:1 USO EX,SUCATA;UN
6814662;TP 38KV,EXT 34500/R3,115V,500VA -,SUCATA;UN
6814663;MED TRI NP57(120V),SUCATA;UN
6814667;MED ELETRONICO TRIFASICO 2,5-10A ,SUCATA;UN
6814669;CP SGP+MIII 120V 915MHZ GPRS NAC ,SUCATA;UN
6814671;MED,ELETR,POLIF,E650,DIRETO,SUCATA;UN
6814673;CONCENTR;PRIMARIO;540X360X170MM; ,SUCATA;UN
6814675;TRAFO TRIF POTÊNCIA 750KVA,DED 18,SUCATA;PEÇ
6814739;TC 36kV 600/400/300/200 5A 16kA,sucata;UN
6814760;Disjuntor 145kV - 2000 - 40kA,sucata;UN
6814761;BLINDADA 17,5KV,2500A,INT,4CUBIC,sucata;UN
6814768;Disjuntor 36kV - 1250 - 16kA,sucata;UN
6814782;CH,145KV,1250A,MAN,S/LT,HOR,<6M,sucata;UN
6814785;CH,72KV,1250A,MAN,C/LT,HOR,<6M,sucata;UN
6814792;SECC-CENT-VERT/HOR<10mMAN630A36kV,sucata;UN
6814797;CH,A6,630A-15KV,16KA,SEC TRI,Mot,sucata;UN
6814810;CH,MONO,A26,1600A-15KV,25KA,-MA,sucata;UN
6814830;TP 13800/?3 - 115 - 115/?3 ,sucata;UN
6814833;TP 69000/?3 - 115 - 115/?3,sucata;UN
6815024;DISJUNTOR 72,5kV 1250A 20kA,SUCATA;UN
6815332;TRANSF 69/13,8 POT TRI 6,2MVA,SUCATA.;UN
6815484;MEDIDOR ELECTRÓNICO ALFA A1R+L - SUCATA;UN
9900004456;TESTADOR FASES VOLT C/ESC 1-16KV,NTS8-21;UN
9900008151;TUBO SUCCAO COMUT MR VVIII250D-145;UN
9900009788;Testador de Fase c/ Extensor;UN
